val_loss,epoch,step,train_acc,train_loss
0.6163457036018372,0,317,,
,0,317,0.6148476004600525,0.8029550313949585
0.5686441659927368,1,635,,
,1,635,0.6344149708747864,0.6899139285087585
